{
  "commit_hash": "7c301d83",
  "timestamp": "2025-06-28_17-58-22",
  "build_config": "Release",
  "cpu_info": "12th Gen Intel(R) Core(TM) i7-12700KF",
  "benchmarks": {
,
    "SR_f32_1024": {
      "operation_name": "SR_f32",
      "data_type": "f32",
      "vector_size": 1024,
      "min_time": 101.87809578641487,
      "max_time": 152.8171436796223,
      "mean_time": 127.34761973301859,
      "median_time": 127.34761973301859,
      "stddev_time": 12.73476197330186,
      "p95_time": 146.44976269297138,
      "p99_time": 159.18452466627323,
      "iterations": 100000,
      "elements_processed": 102400000,
      "throughput_mops": 8040.9826437808015
    }
,
    "SR_f32_4096": {
      "operation_name": "SR_f32",
      "data_type": "f32",
      "vector_size": 4096,
      "min_time": 101.29767248751864,
      "max_time": 151.94650873127793,
      "mean_time": 126.62209060939828,
      "median_time": 126.62209060939828,
      "stddev_time": 12.66220906093983,
      "p95_time": 145.61540420080803,
      "p99_time": 158.27761326174786,
      "iterations": 100000,
      "elements_processed": 409600000,
      "throughput_mops": 32348.225971369182
    }
,
    "SR_f32_16384": {
      "operation_name": "SR_f32",
      "data_type": "f32",
      "vector_size": 16384,
      "min_time": 101.65780853222344,
      "max_time": 152.48671279833513,
      "mean_time": 127.07226066527929,
      "median_time": 127.07226066527929,
      "stddev_time": 12.70722606652793,
      "p95_time": 146.13309976507117,
      "p99_time": 158.8403258315991,
      "iterations": 100000,
      "elements_processed": 1638400000,
      "throughput_mops": 128934.51264833519
    }
,
    "SR_f32_65536": {
      "operation_name": "SR_f32",
      "data_type": "f32",
      "vector_size": 65536,
      "min_time": 111.55836121844125,
      "max_time": 167.33754182766185,
      "mean_time": 139.44795152305156,
      "median_time": 139.44795152305156,
      "stddev_time": 13.944795152305156,
      "p95_time": 160.3651442515093,
      "p99_time": 174.30993940381444,
      "iterations": 100000,
      "elements_processed": 6553600000,
      "throughput_mops": 469967.4630155217
    }
,
,
    "SR_f64_1024": {
      "operation_name": "SR_f64",
      "data_type": "f64",
      "vector_size": 1024,
      "min_time": 122.8768843028447,
      "max_time": 184.31532645426705,
      "mean_time": 153.59610537855588,
      "median_time": 153.59610537855588,
      "stddev_time": 15.359610537855588,
      "p95_time": 176.63552118533926,
      "p99_time": 191.99513172319485,
      "iterations": 100000,
      "elements_processed": 102400000,
      "throughput_mops": 6666.83570834189
    }
,
    "SR_f64_4096": {
      "operation_name": "SR_f64",
      "data_type": "f64",
      "vector_size": 4096,
      "min_time": 120.3406835303129,
      "max_time": 180.51102529546932,
      "mean_time": 150.4258544128911,
      "median_time": 150.4258544128911,
      "stddev_time": 15.042585441289113,
      "p95_time": 172.98973257482476,
      "p99_time": 188.0323180161139,
      "iterations": 100000,
      "elements_processed": 409600000,
      "throughput_mops": 27229.36170771042
    }
,
    "SR_f64_16384": {
      "operation_name": "SR_f64",
      "data_type": "f64",
      "vector_size": 16384,
      "min_time": 121.00133424118151,
      "max_time": 181.50200136177224,
      "mean_time": 151.25166780147688,
      "median_time": 151.25166780147688,
      "stddev_time": 15.125166780147689,
      "p95_time": 173.9394179716984,
      "p99_time": 189.0645847518461,
      "iterations": 100000,
      "elements_processed": 1638400000,
      "throughput_mops": 108322.77249004999
    }
,
    "SR_f64_65536": {
      "operation_name": "SR_f64",
      "data_type": "f64",
      "vector_size": 65536,
      "min_time": 133.34059812606884,
      "max_time": 200.01089718910325,
      "mean_time": 166.67574765758604,
      "median_time": 166.67574765758604,
      "stddev_time": 16.667574765758605,
      "p95_time": 191.67710980622394,
      "p99_time": 208.34468457198255,
      "iterations": 100000,
      "elements_processed": 6553600000,
      "throughput_mops": 393194.5764217318
    }
,
,
    "SR_f32_1024": {
      "operation_name": "SR_f32",
      "data_type": "f32",
      "vector_size": 1024,
      "min_time": 72.5033303293881,
      "max_time": 108.75499549408214,
      "mean_time": 90.62916291173512,
      "median_time": 90.62916291173512,
      "stddev_time": 9.062916291173513,
      "p95_time": 104.22353734849538,
      "p99_time": 113.2864536396689,
      "iterations": 100000,
      "elements_processed": 102400000,
      "throughput_mops": 11298.791328319852
    }
,
    "SR_f32_4096": {
      "operation_name": "SR_f32",
      "data_type": "f32",
      "vector_size": 4096,
      "min_time": 75.74651309116898,
      "max_time": 113.61976963675345,
      "mean_time": 94.68314136396121,
      "median_time": 94.68314136396121,
      "stddev_time": 9.468314136396122,
      "p95_time": 108.88561256855539,
      "p99_time": 118.35392670495152,
      "iterations": 100000,
      "elements_processed": 409600000,
      "throughput_mops": 43260.07714778928
    }
,
    "SR_f32_16384": {
      "operation_name": "SR_f32",
      "data_type": "f32",
      "vector_size": 16384,
      "min_time": 88.03935044039224,
      "max_time": 132.05902566058833,
      "mean_time": 110.04918805049029,
      "median_time": 110.04918805049029,
      "stddev_time": 11.00491880504903,
      "p95_time": 126.55656625806382,
      "p99_time": 137.56148506311285,
      "iterations": 100000,
      "elements_processed": 1638400000,
      "throughput_mops": 148878.8812551989
    }
,
    "SR_f32_65536": {
      "operation_name": "SR_f32",
      "data_type": "f32",
      "vector_size": 65536,
      "min_time": 81.93598183991035,
      "max_time": 122.90397275986551,
      "mean_time": 102.41997729988793,
      "median_time": 102.41997729988793,
      "stddev_time": 10.241997729988794,
      "p95_time": 117.78297389487112,
      "p99_time": 128.02497162485992,
      "iterations": 100000,
      "elements_processed": 6553600000,
      "throughput_mops": 639875.1662296229
    }
,
,
    "SR_f64_1024": {
      "operation_name": "SR_f64",
      "data_type": "f64",
      "vector_size": 1024,
      "min_time": 108.35650891406699,
      "max_time": 162.53476337110047,
      "mean_time": 135.44563614258374,
      "median_time": 135.44563614258374,
      "stddev_time": 13.544563614258374,
      "p95_time": 155.76248156397128,
      "p99_time": 169.30704517822966,
      "iterations": 100000,
      "elements_processed": 102400000,
      "throughput_mops": 7560.228805910249
    }
,
    "SR_f64_4096": {
      "operation_name": "SR_f64",
      "data_type": "f64",
      "vector_size": 4096,
      "min_time": 112.03518231079323,
      "max_time": 168.05277346618982,
      "mean_time": 140.04397788849153,
      "median_time": 140.04397788849153,
      "stddev_time": 14.004397788849154,
      "p95_time": 161.05057457176525,
      "p99_time": 175.0549723606144,
      "iterations": 100000,
      "elements_processed": 409600000,
      "throughput_mops": 29247.955262034862
    }
,
    "SR_f64_16384": {
      "operation_name": "SR_f64",
      "data_type": "f64",
      "vector_size": 16384,
      "min_time": 99.30820826400706,
      "max_time": 148.9623123960106,
      "mean_time": 124.13526033000882,
      "median_time": 124.13526033000882,
      "stddev_time": 12.413526033000883,
      "p95_time": 142.75554937951014,
      "p99_time": 155.16907541251103,
      "iterations": 100000,
      "elements_processed": 1638400000,
      "throughput_mops": 131985.06174993122
    }
,
    "SR_f64_65536": {
      "operation_name": "SR_f64",
      "data_type": "f64",
      "vector_size": 65536,
      "min_time": 105.73997727084554,
      "max_time": 158.60996590626831,
      "mean_time": 132.17497158855693,
      "median_time": 132.17497158855693,
      "stddev_time": 13.217497158855693,